<?xml version="1.0" encoding="UTF-8"?>
<metadata xml:lang="en"><Esri><CreaDate>20211102</CreaDate><CreaTime>14230500</CreaTime><ArcGISFormat>1.0</ArcGISFormat><SyncOnce>TRUE</SyncOnce><DataProperties><lineage><Process ToolSource="c:\program files (x86)\arcgis\desktop10.8\ArcToolbox\Toolboxes\Data Management Tools.tbx\CalculateField" Date="20211102" Time="142305">CalculateField _2020_Census_Tracts TotalHousi "[HousingOcc] + [HousingVac]" VB #</Process><Process ToolSource="c:\program files (x86)\arcgis\desktop10.8\ArcToolbox\Toolboxes\Data Management Tools.tbx\CalculateField" Date="20211102" Time="142409">CalculateField _2020_Census_Tracts Vac_rate "[HousingVac] / [TotalHousi]" VB #</Process><Process ToolSource="c:\program files (x86)\arcgis\desktop10.8\ArcToolbox\Toolboxes\Data Management Tools.tbx\CalculateField" Date="20211102" Time="142428">CalculateField _2020_Census_Tracts Vac_rate "([HousingVac] / [TotalHousi]) * 100" VB #</Process></lineage></DataProperties></Esri></metadata>
