<?xml version="1.0" encoding="UTF-8"?><metadata>
    <idinfo>
        <citation>
            <citeinfo>
                <title>2020 Census Tracts</title>
            </citeinfo>
        </citation>
        <descript>
            <abstract>2020 Census Tract polygons for all of Pierce County, realigned to Pierce County roads, parcels, hydro, railroads, powerlines, etc. Population figures for race, ethnicity, median age, household size, household count, etc were downloaded from the US Census website and joined to this layer. Please read metadata for additional information (https://matterhorn.co.pierce.wa.us/GISmetadata/pdbis_census2020_tracts.html
). Any data download constitutes acceptance of the Terms of Use (https://matterhorn.co.pierce.wa.us/Disclaimer/PierceCountyGISDataTermsofUse.pdf).

Terms of Use/Custom License: Please see provided hyperlinks for metadata and Terms of Use.</abstract>
            <purpose>2020 Census Tract polygons for all of Pierce County, realigned to Pierce County roads, parcels, etc.  Read the full metadata for more information.</purpose>
        </descript>
        <keywords>
            <theme>
                <themekt>None</themekt>
                <themekey>Pierce County</themekey>
                <themekey>Washington</themekey>
                <themekey>Census</themekey>
                <themekey>2020</themekey>
                <themekey>Tracts</themekey>
            </theme>
        </keywords>
        <accconst>None</accconst>
        <useconst>Please see provided hyperlinks for metadata and Terms of Use.</useconst>
        <datacred/>
    </idinfo>
    <metainfo>
        <metstdn>FGDC Content Standard for Digital Geospatial Metadata</metstdn>
        <metstdv>FGDC-STD-001-1998</metstdv>
        <mettc>local time</mettc>
    </metainfo>
</metadata>
